<?xml version="1.0" encoding="utf-8"?>
<!DOCTYPE hibernate-configuration PUBLIC
"-//Hibernate/Hibernate Configuration DTD 3.0//EN"
"http://hibernate.sourceforge.net/hibernate-configuration-3.0.dtd">
<hibernate-configuration>
 <session-factory>
  <property name="hibernate.dialect">org.hibernate.dialect.MySQLDialect</property>
  <property name="hibernate.connection.driver_class">com.mysql.jdbc.Driver</property>
  <property name="hibernate.connection.url">jdbc:mysql://localhost:3306/testdb</property>
  <property name="hibernate.connection.username">root</property>
  <property name="hibernate.connection.password"></property>  
  <property name="hibernate.show_sql"> true</property>
  <property name="hbm2ddl.auto">update</property>
  <mapping class="com.ajar.entity.Tickler" package="com.ajar.entity"/>
  <mapping class="com.ajar.entity.TrxStock" package="com.ajar.entity"/>
</session-factory>
</hibernate-configuration>